Item name,Hours on Sale
37c3 T-Shirt black (fitted XS),
37c3 T-Shirt black (fitted S),
37c3 T-Shirt black (fitted M),
37c3 T-Shirt black (fitted L),
37c3 T-Shirt black (fitted XL),
37c3 T-Shirt black (fitted XXL),
37c3 T-Shirt blue (fitted XS),"28,3120210130556"
37c3 T-Shirt blue (fitted S),"28,3120283783333"
37c3 T-Shirt blue (fitted M),"23,2184405636111"
37c3 T-Shirt blue (fitted L),"23,5098582269444"
37c3 T-Shirt blue (fitted XL),"32,5"
37c3 T-Shirt blue (fitted XXL),
37c3 T-Shirt black (straight XS),
37c3 T-Shirt black (straight S),
37c3 T-Shirt black (straight M),"15,9422203708333"
37c3 T-Shirt black (straight L),"16,6474951336111"
37c3 T-Shirt black (straight XL),"28,4269706647222"
37c3 T-Shirt black (straight XXL),"13,6770762122222"
37c3 T-Shirt black (straight 3XL),"17,6894424261111"
37c3 T-Shirt black (straight 4XL),
37c3 T-Shirt black (straight 5XL),
37c3 T-Shirt blue (straight XXS),"23,2185054502778"
37c3 T-Shirt blue (straight XS),"16,6475510552778"
37c3 T-Shirt blue (straight S),"16,6475607511111"
37c3 T-Shirt blue (straight M),"15,9422622363889"
37c3 T-Shirt blue (straight L),"16,6475765538889"
37c3 T-Shirt blue (straight XL),"18,9308334577778"
37c3 T-Shirt blue (straight XXL),"14,4237656011111"
37c3 T-Shirt blue (straight 3XL),"18,9308474494444"
37c3 T-Shirt black (Kids 3-4yo),"16,6741865444444"
37c3 T-Shirt black (Kids 5-6yo (110-116)),"28,471903725"
37c3 T-Shirt black (Kids 7-8yo (122-128)),"23,5099758794444"
37c3 T-Shirt black (Kids 9-11yo (134-146)),"17,7224139747222"
37c3 T-Shirt black (Kids 12-14yo),"11,7782223997222"
37c3 T-Shirt blue (Kids 3-4yo),"16,6742177816667"
37c3 T-Shirt blue (Kids 5-6yo (110-116)),"23,5100075311111"
37c3 T-Shirt blue (Kids 7-8yo (122-128)),"16,7146873736111"
37c3 T-Shirt blue (Kids 9-11yo (134-146)),"23,5100246430556"
37c3 T-Shirt blue (Kids 12-14yo),"23,5100332355556"
37c3 Hoodie black (unisize XXS),"13,9663283380556"
37c3 Hoodie black (unisize XS),11
37c3 Hoodie black (unisize S),"14,8959013158333"
37c3 Hoodie black (unisize M),"14,8043252775"
37c3 Hoodie black (unisize L),"12,1772767686111"
37c3 Hoodie black (unisize XL),"12,7077458633333"
37c3 Hoodie black (unisize XXL),"11,8553006325"
37c3 Hoodie black (unisize 3XL),"11,28528079"
37c3 Hoodie black (unisize 4XL),"14,0660162047222"
37c3 Hoodie black (unisize 5XL),"11,5309456325"
37c3 Hoodie blue (unisize S),"16,7147298022222"
37c3 Hoodie blue (unisize M),"20,3955515272222"
37c3 Hoodie blue (unisize L),"13,4967787961111"
37c3 Hoodie blue (unisize XL),"13,8193525969444"
37c3 Hoodie blue (unisize XXL),"14,0660490047222"
37c3 Hoodie blue (unisize 3XL),"11,2638906672222"
37c3 Hoodie blue (unisize 4XL),"12,5697265733333"
37c3 Hoodie blue (unisize 5XL),"14,0660674327778"
37c3 Zipper black (unisize XXS),"16,7147626866667"
37c3 Zipper black (unisize XS),"16,7147691708333"
37c3 Zipper black (unisize S),"27,0078664930556"
37c3 Zipper black (unisize M),"27,0174875480556"
37c3 Zipper black (unisize L),"16,7147818297222"
37c3 Zipper black (unisize XL),"22,4601394438889"
37c3 Zipper black (unisize XXL),"12,5697575894444"
37c3 Zipper black (unisize 3XL),"12,5697643991667"
37c3 Zipper black (unisize 4XL),"16,7148052283333"
37c3 Zipper black (unisize 5XL),"11,4997520622222"
37c3 Zipper blue (unisize XS),"23,3124096102778"
37c3 Zipper blue (unisize S),"27,0335910891667"
37c3 Zipper blue (unisize M),"26,0579498086111"
37c3 Zipper blue (unisize L),"23,3124300586111"
37c3 Zipper blue (unisize XL),"14,8044680297222"
37c3 Zipper blue (unisize XXL),"17,3623712061111"
37c3 Zipper blue (unisize 3XL),"14,8911053441667"
37c3 Zipper blue (unisize 4XL),"22,3602252422222"
37c3 T-Shirt black (straight XXS),"28,4271955858333"
37c3 T-Shirt blue (straight 4XL),
37c3 T-Shirt blue (straight 5XL),"16,6478359972222"
